Student ID,Student name,Gender,Course,Attendance,StudyHours,PrevMarks,Assignmnet score,FinalMarks,Result
8,Meena,M,BCA,80,5,82,10,98,Pass
6,Simran,F,BCA,84,8,97,22,93,Pass
26,Swati,F,BSC,95,8,91,21,92,Pass
17,Ajay,M,BSC,77,7,64,21,90,Pass
20,Sonia,F,BSC,69,5,94,22,90,Pass
25,Vikas,M,BCOM,88,7,90,24,85,Pass
16,Nisha,F,BCA,70,8,62,11,83,Pass
19,Deepak,M,BCOM,69,7,56,13,82,Pass
30,Aarti,F,BCA,89,7,85,23,77,Pass
12,Anjali,M,BSC,84,4,71,23,74,Pass
7,Arjun,M,BSC,60,4,92,22,71,Pass
21,Rahul,M,BCA,85,6,74,19,68,Pass
28,Ritu,F,BCOM,81,6,78,18,64,Pass
13,Ravi,F,BCA,93,4,60,25,63,Pass
15,Mohit,M,BSC,73,7,95,13,63,Pass
10,Divya,M,BSC,89,5,71,22,61,Pass
22,Preeti,F,BCOM,92,5,63,15,55,Pass
11,Suresh,F,BCA,98,2,88,13,54,Pass
14,Pooja,M,BCOM,69,8,100,17,50,Pass
9,Vikram,F,BCOM,70,7,54,23,50,Pass
4,Priya,F,BCOM,80,6,51,19,50,Pass
24,Kavita,F,BCA,65,3,82,11,48,Pass
5,Karan,M,BSC,67,3,76,18,42,Pass
2,Neha,F,BSC,100,7,100,10,42,Pass
27,Manoj,M,BCA,70,5,50,14,38,Fail
18,Komal,F,BCA,69,6,53,10,36,Fail
3,Rohit,M,BCA,94,6,53,12,35,Fail
23,Aman,M,BSC,78,4,55,12,34,Fail
29,Sandeep,M,BSC,60,2,67,10,29,Fail
1,Amit,M,BCA,84,3,52,18,21,Fail
